title,price_text,price,odometer_text,odometer_km,detail_url,network_id,card_id,inventory_year_filter,inventory_make_filter,inventory_model_filter,search_url,verified_at,detail_date,first_image_url,detail_page_title,carbarn_evidence,in_date_range,updated_at,all_image_urls,body_type,car_code,dealer_stock_id,dealer_stock_ids,fuel,image_count,match_reason,match_score,match_status,matched_chassis,matched_stock_no,mismatch_count,mismatch_fields,mismatch_messages,photo_count,registration_plate,transmission,vin
2022 Nissan Serena Highway Star V C27 Auto,"$30,400",30400,"41,090km",41090,https://www.carsales.com.au/cars/details/2022-nissan-serena-highway-star-v-c27-auto/OAG-AD-25780110/,OAG-AD-25780110,OAG-AD-25780110,2022,NISSAN,Serena,,2026-04-30T08:27:09,,https://carsales.pxcrush.net/carsales/cars/dealer/2lpoox2luysyu1iljka6ku8u0.jpg?pxc_format=jpeg&pxc_size=1200%2C630,2022 Nissan Serena Highway Star V C27 Auto,stock_tail4_match:1084,,2026-04-30T08:27:09,"[""https://carsales.pxcrush.net/carsales/cars/dealer/2lpoox2luysyu1iljka6ku8u0.jpg?pxc_format=jpeg&pxc_size=1200%2C630""]",Wagon,1343,20221084,20221084,Petrol,1,stock_tail4_match:1084,100.0,identified,GFC27-243635,1084,0,,,45,Check with seller,Automatic,6ZZN00GFC27243635
2021 Nissan Serena Highway Star S-Hybrid C27 Auto,"$30,900",30900,"46,656km",46656,https://www.carsales.com.au/cars/details/2021-nissan-serena-highway-star-s-hybrid-c27-auto/OAG-AD-25780111/,OAG-AD-25780111,OAG-AD-25780111,2021,NISSAN,Serena,,2026-04-30T08:27:09,,https://carsales.pxcrush.net/carsales/cars/dealer/d9rzrdj078rornkm2z33c3z74.jpg?pxc_format=jpeg&pxc_size=1200%2C630,2021 Nissan Serena Highway Star S-Hybrid C27 Auto,stock_tail4_match:1081,,2026-04-30T08:27:09,"[""https://carsales.pxcrush.net/carsales/cars/dealer/d9rzrdj078rornkm2z33c3z74.jpg?pxc_format=jpeg&pxc_size=1200%2C630""]",Wagon,1341,20211081,20211081,Petrol,1,stock_tail4_match:1081,100.0,identified,GFC27-224207,1081,0,,,39,Check with seller,Automatic,6ZZM00GFC27224207
2021 Nissan Serena Highway Star S-Hybrid C27 Auto,"$29,400",29400,"52,565km",52565,https://www.carsales.com.au/cars/details/2021-nissan-serena-highway-star-s-hybrid-c27-auto/OAG-AD-25780112/,OAG-AD-25780112,OAG-AD-25780112,2021,NISSAN,Serena,,2026-04-30T08:27:09,,https://carsales.pxcrush.net/carsales/cars/dealer/blunklb4gxzd22rnozj8adebu.jpg?pxc_format=jpeg&pxc_size=1200%2C630,2021 Nissan Serena Highway Star S-Hybrid C27 Auto,stock_tail4_match:1080,,2026-04-30T08:27:09,"[""https://carsales.pxcrush.net/carsales/cars/dealer/blunklb4gxzd22rnozj8adebu.jpg?pxc_format=jpeg&pxc_size=1200%2C630""]",Wagon,1338,20211080,20211080,Petrol,1,stock_tail4_match:1080,100.0,identified,GFC27-230749,1080,0,,,27,Check with seller,Automatic,6ZZM00GFC27230749
2024 Toyota Yaris X Hybrid Auto eFour,"$28,400",28400,"22,539km",22539,https://www.carsales.com.au/cars/details/2024-toyota-yaris-x-hybrid-auto-efour/OAG-AD-25780107/,OAG-AD-25780107,OAG-AD-25780107,2024,TOYOTA,YARIS,,2026-04-30T08:27:09,,https://carsales.pxcrush.net/carsales/cars/dealer/rtperfq5cdqujjjylpa9uhl.jpg?pxc_format=jpeg&pxc_size=1200%2C630,2024 Toyota Yaris X Hybrid Auto eFour,stock_tail4_match:1096,,2026-04-30T08:27:09,"[""https://carsales.pxcrush.net/carsales/cars/dealer/rtperfq5cdqujjjylpa9uhl.jpg?pxc_format=jpeg&pxc_size=1200%2C630""]",Hatch,1244,20241096,20241096,Hybrid,1,stock_tail4_match:1096,100.0,identified,MXPH17-0003721,1096,0,,,24,Check with seller,Automatic,6ZZRMXPH170003721
2020 Toyota Hiace DX LWB Auto,"$31,900",31900,"36,000km",36000,https://www.carsales.com.au/cars/details/2020-toyota-hiace-dx-lwb-auto/OAG-AD-25780114/,OAG-AD-25780114,OAG-AD-25780114,2020,TOYOTA,Hiace,,2026-04-30T08:27:09,,https://carsales.pxcrush.net/carsales/car/dealer/4tgqdxmf8rknkkd3094k0c3la.jpg?pxc_format=jpeg&pxc_size=1200%2C630,2020 Toyota Hiace DX LWB Auto,stock_tail4_match:1092,,2026-04-30T08:27:09,"[""https://carsales.pxcrush.net/carsales/car/dealer/4tgqdxmf8rknkkd3094k0c3la.jpg?pxc_format=jpeg&pxc_size=1200%2C630""]",Van,1344,20201092,20201092,Petrol,1,stock_tail4_match:1092,100.0,identified,TRH200-0317052,1092,0,,,5,Check with seller,Automatic,6ZZLTRH2000317052
1998 Mitsubishi Pajero Mini X H53A Auto,"$10,400",10400,"61,157km",61157,https://www.carsales.com.au/cars/details/1998-mitsubishi-pajero-mini-x-h53a-auto/OAG-AD-25705796/,OAG-AD-25705796,OAG-AD-25705796,1998,MITSUBISHI,Pajero,,2026-04-30T08:27:09,,https://carsales.pxcrush.net/carsales/car/dealer/u3tmxa6o0tgqf4919sme1s98.jpg?pxc_format=jpeg&pxc_size=1200%2C630,1998 Mitsubishi Pajero Mini X H53A Auto,stock_tail4_match:1058,,2026-04-30T08:27:09,"[""https://carsales.pxcrush.net/carsales/car/dealer/u3tmxa6o0tgqf4919sme1s98.jpg?pxc_format=jpeg&pxc_size=1200%2C630""]",SUV,1261,19981058,19981058,Petrol,1,stock_tail4_match:1058,100.0,identified,H53A-0000467,1058,0,,,19,Check with seller,Automatic,6ZZW00H53A0000467
2013 Toyota Hiace DX Super LWB Auto 4WD,"$33,900",33900,"222,468km",222468,https://www.carsales.com.au/cars/details/2013-toyota-hiace-dx-super-lwb-auto-4wd/OAG-AD-24937831/,OAG-AD-24937831,OAG-AD-24937831,2013,TOYOTA,Hiace,,2026-04-30T08:27:09,,https://carsales.pxcrush.net/carsales/car/dealer/3jkj1win68tjfgn0g9wjiwr6t.jpg?pxc_format=jpeg&pxc_size=1200%2C630,2013 Toyota Hiace DX Super LWB Auto 4WD,stock_tail3_match:605,,2026-04-30T08:27:09,"[""https://carsales.pxcrush.net/carsales/car/dealer/3jkj1win68tjfgn0g9wjiwr6t.jpg?pxc_format=jpeg&pxc_size=1200%2C630""]",Van,1187,2013605,2013605,Petrol,1,stock_tail3_match:605,95.0,identified,TRH226-0011595,605,0,,,22,Check with seller,Automatic,6ZZDTRH2260011595
2008 Toyota Hiace Super LWB Auto 4WD,"$32,900",32900,"163,439km",163439,https://www.carsales.com.au/cars/details/2008-toyota-hiace-super-lwb-auto-4wd/OAG-AD-25508529/,OAG-AD-25508529,OAG-AD-25508529,2008,TOYOTA,Hiace,,2026-04-30T08:27:09,,https://carsales.pxcrush.net/carsales/car/dealer/cxtx1y2b4wafxw0swhdrjtvw3.jpg?pxc_format=jpeg&pxc_size=1200%2C630,2008 Toyota Hiace Super LWB Auto 4WD,stock_tail3_match:723,,2026-04-30T08:27:09,"[""https://carsales.pxcrush.net/carsales/car/dealer/cxtx1y2b4wafxw0swhdrjtvw3.jpg?pxc_format=jpeg&pxc_size=1200%2C630""]",Van,1247,2008723,2008723,Petrol,1,stock_tail3_match:723,95.0,identified,TRH226-0005524,723,0,,,23,Check with seller,Automatic,6ZZ8TRH2260005524
1991 Toyota Hiace SWB Auto,"$37,900",37900,"137,631km",137631,https://www.carsales.com.au/cars/details/1991-toyota-hiace-swb-auto/OAG-AD-25532399/,OAG-AD-25532399,OAG-AD-25532399,1991,TOYOTA,Hiace,,2026-04-30T08:27:09,,https://carsales.pxcrush.net/carsales/car/dealer/23iadlu2asx9o7k724hcdr9he.jpg?pxc_format=jpeg&pxc_size=1200%2C630,1991 Toyota Hiace SWB Auto,stock_tail3_match:896,,2026-04-30T08:27:09,"[""https://carsales.pxcrush.net/carsales/car/dealer/23iadlu2asx9o7k724hcdr9he.jpg?pxc_format=jpeg&pxc_size=1200%2C630""]",Van,1302,1991896,1991896,Diesel,1,stock_tail3_match:896,95.0,identified,LH1190018886,896,0,,,32,Check with seller,Automatic,6ZZM0LH1190018886
2000 Toyota Landcruiser Cygnus Auto 4x4,"$29,900",29900,"217,819km",217819,https://www.carsales.com.au/cars/details/2000-toyota-landcruiser-cygnus-auto-4x4/OAG-AD-25437171/,OAG-AD-25437171,OAG-AD-25437171,2000,TOYOTA,Land Cruiser,,2026-04-30T08:27:09,,https://carsales.pxcrush.net/carsales/car/dealer/2plzb82wn186ff00rra20uudb.jpg?pxc_format=jpeg&pxc_size=1200%2C630,2000 Toyota Landcruiser Cygnus Auto 4x4,stock_tail3_match:804,,2026-04-30T08:27:09,"[""https://carsales.pxcrush.net/carsales/car/dealer/2plzb82wn186ff00rra20uudb.jpg?pxc_format=jpeg&pxc_size=1200%2C630""]",SUV,1289,2000804,2000804,Petrol,1,stock_tail3_match:804,95.0,identified,UZJ100-0105063,804,0,,,31,Check with seller,Automatic,6ZZYUZJ1000105063
1999 Mitsubishi Strada K74T Auto 4x4 Dual Cab,"$34,900",34900,"134,795km",134795,https://www.carsales.com.au/cars/details/1999-mitsubishi-strada-k74t-auto-4x4-dual-cab/OAG-AD-24984736/,OAG-AD-24984736,OAG-AD-24984736,1999,MITSUBISHI,Strada,,2026-04-30T08:27:09,,https://carsales.pxcrush.net/carsales/car/dealer/2exe4klgo235auicizlnd014t.jpg?pxc_format=jpeg&pxc_size=1200%2C630,1999 Mitsubishi Strada K74T Auto 4x4 Dual Cab,stock_tail3_match:824,,2026-04-30T08:27:09,"[""https://carsales.pxcrush.net/carsales/car/dealer/2exe4klgo235auicizlnd014t.jpg?pxc_format=jpeg&pxc_size=1200%2C630""]",Ute,1248,1999824,1999824,Diesel,1,stock_tail3_match:824,95.0,identified,K741100900,824,0,,,26,Check with seller,Automatic,6ZZX000K741100900
2021 Nissan Note e-POWER X E13 Auto,"$21,900",21900,"51,489km",51489,https://www.carsales.com.au/cars/details/2021-nissan-note-e-power-x-e13-auto/OAG-AD-25056824/,OAG-AD-25056824,OAG-AD-25056824,2021,NISSAN,Note,,2026-04-30T08:27:09,,https://carsales.pxcrush.net/carsales/car/dealer/4zriksgmofl0oi08oipefhvfq.jpg?pxc_format=jpeg&pxc_size=1200%2C630,2021 Nissan Note e-POWER X E13 Auto,stock_tail3_match:945,,2026-04-30T08:27:09,"[""https://carsales.pxcrush.net/carsales/car/dealer/4zriksgmofl0oi08oipefhvfq.jpg?pxc_format=jpeg&pxc_size=1200%2C630""]",Hatch,1327,2021945,2021945,Hybrid,1,stock_tail3_match:945,95.0,identified,E13-057943,945,0,,,29,Check with seller,Automatic,6ZZM0000E13057943
1994 Mitsubishi Pajero Exceed NJ Auto 4WD,"$19,900",19900,"86,382km",86382,https://www.carsales.com.au/cars/details/1994-mitsubishi-pajero-exceed-nj-auto-4wd/OAG-AD-25415448/,OAG-AD-25415448,OAG-AD-25415448,1994,MITSUBISHI,Pajero,,2026-04-30T08:27:09,,https://carsales.pxcrush.net/carsales/car/dealer/edj48uikzw0o35iwfdw6m46kz.jpg?pxc_format=jpeg&pxc_size=1200%2C630,1994 Mitsubishi Pajero Exceed NJ Auto 4WD,stock_tail3_match:976,,2026-04-30T08:27:09,"[""https://carsales.pxcrush.net/carsales/car/dealer/edj48uikzw0o35iwfdw6m46kz.jpg?pxc_format=jpeg&pxc_size=1200%2C630""]",SUV,1214,1994976,1994976,Diesel,1,stock_tail3_match:976,95.0,identified,V46-4028233,976,0,,,28,Check with seller,Automatic,6ZZR000V464028233
1996 Toyota Hiace Super Custom Auto,"$46,900",46900,"37,073km",37073,https://www.carsales.com.au/cars/details/1996-toyota-hiace-super-custom-auto/OAG-AD-25751349/,OAG-AD-25751349,OAG-AD-25751349,1996,TOYOTA,Hiace,,2026-04-30T08:27:09,,https://carsales.pxcrush.net/carsales/car/dealer/efuc8acvgtmg1qrxyibbi4l1u.jpg?pxc_format=jpeg&pxc_size=1200%2C630,1996 Toyota Hiace Super Custom Auto,stock_tail3_match:987,,2026-04-30T08:27:09,"[""https://carsales.pxcrush.net/carsales/car/dealer/efuc8acvgtmg1qrxyibbi4l1u.jpg?pxc_format=jpeg&pxc_size=1200%2C630""]",People Mover,1323,1996987,1996987,Diesel,1,stock_tail3_match:987,95.0,identified,LY1110003463,987,0,,,25,Check with seller,Automatic,6ZZX0LY1110006633
2000 Toyota MR2 Spyder Manual,"$20,900",20900,"91,323km",91323,https://www.carsales.com.au/cars/details/2000-toyota-mr2-spyder-manual/OAG-AD-25461738/,OAG-AD-25461738,OAG-AD-25461738,2000,TOYOTA,MR-S,,2026-04-30T08:27:09,,https://carsales.pxcrush.net/carsales/car/dealer/3clj9u1o2yjcbb634vz0aojn2.jpg?pxc_format=jpeg&pxc_size=1200%2C630,2000 Toyota MR2 Spyder Manual,stock_tail3_match:994,,2026-04-30T08:27:09,"[""https://carsales.pxcrush.net/carsales/car/dealer/3clj9u1o2yjcbb634vz0aojn2.jpg?pxc_format=jpeg&pxc_size=1200%2C630""]",Convertible,1313,2000994,2000994,Petrol,1,stock_tail3_match:994,95.0,identified,ZZW30-0011412,994,1,price,"Price mismatch: Carsales $20,900 vs Carbarn $19,900",24,Check with seller,Manual,6ZZY0ZZW300011412
2019 Toyota Hiace DX LWB Auto,"$36,900",36900,"13,000km",13000,https://www.carsales.com.au/cars/details/2019-toyota-hiace-dx-lwb-auto/OAG-AD-25628782/,OAG-AD-25628782,OAG-AD-25628782,2019,TOYOTA,Hiace,,2026-04-30T08:27:09,,https://carsales.pxcrush.net/carsales/car/dealer/48h2q4y2t5m09pzhk8vygb5sd.jpg?pxc_format=jpeg&pxc_size=1200%2C630,2019 Toyota Hiace DX LWB Auto,stock_tail4_match:1007,,2026-04-30T08:27:09,"[""https://carsales.pxcrush.net/carsales/car/dealer/48h2q4y2t5m09pzhk8vygb5sd.jpg?pxc_format=jpeg&pxc_size=1200%2C630""]",Van,1254,20191007,20191007,Petrol,1,stock_tail4_match:1007,100.0,identified,TRH200-0310024,1007,0,,,26,Check with seller,Automatic,6ZZKTRH2000310024
2020 Honda Vezel Hybrid Z Honda Sensing Auto,"$27,900",27900,"51,676km",51676,https://www.carsales.com.au/cars/details/2020-honda-vezel-hybrid-z-honda-sensing-auto/OAG-AD-25730316/,OAG-AD-25730316,OAG-AD-25730316,2020,HONDA,Vezel,,2026-04-30T08:27:09,,https://carsales.pxcrush.net/carsales/car/dealer/cte9bg4kzzhb4200hpfao3l5q.jpg?pxc_format=jpeg&pxc_size=1200%2C630,2020 Honda Vezel Hybrid Z Honda Sensing Auto,stock_tail4_match:1021,,2026-04-30T08:27:09,"[""https://carsales.pxcrush.net/carsales/car/dealer/cte9bg4kzzhb4200hpfao3l5q.jpg?pxc_format=jpeg&pxc_size=1200%2C630""]",Hatch,1153,20201021,20201021,Hybrid,1,stock_tail4_match:1021,100.0,identified,RU3-1405237,1021,0,,,23,Check with seller,Automatic,6ZZL000RU31405237
2017 Honda Odyssey Hybrid Absolute Auto,"$28,900",28900,"77,158km",77158,https://www.carsales.com.au/cars/details/2017-honda-odyssey-hybrid-absolute-auto/OAG-AD-25705793/,OAG-AD-25705793,OAG-AD-25705793,2017,HONDA,Odyssey,,2026-04-30T08:27:09,,https://carsales.pxcrush.net/carsales/cars/dealer/4qp16hppiirmbh8lsqo5527vl.jpg?pxc_format=jpeg&pxc_size=1200%2C630,2017 Honda Odyssey Hybrid Absolute Auto,stock_tail4_match:1054,,2026-04-30T08:27:09,"[""https://carsales.pxcrush.net/carsales/cars/dealer/4qp16hppiirmbh8lsqo5527vl.jpg?pxc_format=jpeg&pxc_size=1200%2C630""]",People Mover,1279,20171054,20171054,Hybrid,1,stock_tail4_match:1054,100.0,identified,RC4-1027907,1054,0,,,22,Check with seller,Automatic,6ZZH000RC41027907
2019 Honda Vezel Hybrid Z Honda Sensing Auto 4WD,"$28,900",28900,"16,396km",16396,https://www.carsales.com.au/cars/details/2019-honda-vezel-hybrid-z-honda-sensing-auto-4wd/OAG-AD-25754119/,OAG-AD-25754119,OAG-AD-25754119,2019,HONDA,Vezel,,2026-04-30T08:27:09,,https://carsales.pxcrush.net/carsales/car/dealer/5c01a5a428919ec2da7f8a2374a1232f.jpg?pxc_format=jpeg&pxc_size=1200%2C630,2019 Honda Vezel Hybrid Z Honda Sensing Auto 4WD,stock_tail4_match:1057,,2026-04-30T08:27:09,"[""https://carsales.pxcrush.net/carsales/car/dealer/5c01a5a428919ec2da7f8a2374a1232f.jpg?pxc_format=jpeg&pxc_size=1200%2C630""]",SUV,1304,20191057,20191057,Hybrid,1,stock_tail4_match:1057,100.0,identified,RU3-1360659,1057,0,,,22,Check with seller,Automatic,6ZZK000RU31360659
2017 Honda Odyssey Hybrid Absolute Auto,"$24,900",24900,"112,678km",112678,https://www.carsales.com.au/cars/details/2017-honda-odyssey-hybrid-absolute-auto/OAG-AD-25744494/,OAG-AD-25744494,OAG-AD-25744494,2017,HONDA,Odyssey,,2026-04-30T08:27:09,,https://carsales.pxcrush.net/carsales/car/dealer/2n9p4qerq0wdbz4jemlroudun.jpg?pxc_format=jpeg&pxc_size=1200%2C630,2017 Honda Odyssey Hybrid Absolute Auto,stock_tail4_match:1056,,2026-04-30T08:27:09,"[""https://carsales.pxcrush.net/carsales/car/dealer/2n9p4qerq0wdbz4jemlroudun.jpg?pxc_format=jpeg&pxc_size=1200%2C630""]",People Mover,1287,20171056,20171056,Hybrid,1,stock_tail4_match:1056,100.0,identified,RC4-1023465,1056,0,,,26,Check with seller,Automatic,6ZZH000RC41023465
2017 Honda Odyssey Hybrid Absolute Auto,"$28,900",28900,"69,040km",69040,https://www.carsales.com.au/cars/details/2017-honda-odyssey-hybrid-absolute-auto/OAG-AD-25744498/,OAG-AD-25744498,OAG-AD-25744498,2017,HONDA,Odyssey,,2026-04-30T08:27:09,,https://carsales.pxcrush.net/carsales/car/dealer/btil99wxs3u6bcfm2wtafa2tq.jpg?pxc_format=jpeg&pxc_size=1200%2C630,2017 Honda Odyssey Hybrid Absolute Auto,stock_tail4_match:1043,,2026-04-30T08:27:09,"[""https://carsales.pxcrush.net/carsales/car/dealer/btil99wxs3u6bcfm2wtafa2tq.jpg?pxc_format=jpeg&pxc_size=1200%2C630""]",People Mover,1219,20171043,20171043,Hybrid,1,stock_tail4_match:1043,100.0,identified,RC4-1029909,1043,0,,,23,Check with seller,Automatic,6ZZH000RC41029909
2017 Mercedes-Benz E-Class E43 AMG Auto 4MATIC,"$52,900",52900,"59,222km",59222,https://www.carsales.com.au/cars/details/2017-mercedes-benz-e-class-e43-amg-auto-4matic/OAG-AD-25653306/,OAG-AD-25653306,OAG-AD-25653306,2017,MERCEDES-BENZ,E-Class,,2026-04-30T08:27:09,,https://carsales.pxcrush.net/carsales/cars/dealer/3blqygm1ex38rjidjzuo0bz2g.jpg?pxc_format=jpeg&pxc_size=1200%2C630,2017 Mercedes-Benz E-Class E43 AMG Auto 4MATIC,stock_tail4_match:1039,,2026-04-30T08:27:09,"[""https://carsales.pxcrush.net/carsales/cars/dealer/3blqygm1ex38rjidjzuo0bz2g.jpg?pxc_format=jpeg&pxc_size=1200%2C630""]",Wagon,1202,20171039,20171039,Petrol,1,stock_tail4_match:1039,100.0,identified,WDD2132642A333293,1039,1,odometer,"Odometer mismatch: Carsales 59,222km vs Carbarn 59,230km",33,Check with seller,Automatic,WDD2132642A333293
2016 Mercedes-Benz E-Class E400 Auto 4MATIC,"$34,900",34900,"60,000km",60000,https://www.carsales.com.au/cars/details/2016-mercedes-benz-e-class-e400-auto-4matic/OAG-AD-25780115/,OAG-AD-25780115,OAG-AD-25780115,2016,MERCEDES-BENZ,E-Class,,2026-04-30T08:27:09,,https://carsales.pxcrush.net/carsales/car/dealer/1ici3de71znpxasvjuqec71vp.jpg?pxc_format=jpeg&pxc_size=1200%2C630,2016 Mercedes-Benz E-Class E400 Auto 4MATIC,stock_tail4_match:1076,,2026-04-30T08:27:09,"[""https://carsales.pxcrush.net/carsales/car/dealer/1ici3de71znpxasvjuqec71vp.jpg?pxc_format=jpeg&pxc_size=1200%2C630""]",Wagon,1336,20161076,20161076,Petrol,1,stock_tail4_match:1076,100.0,identified,WDD2132712A176208,1076,0,,,6,Check with seller,Automatic,WDD2132712A176208
1995 Mitsubishi GTO Auto 4WD,"$33,900",33900,"18,052km",18052,https://www.carsales.com.au/cars/details/1995-mitsubishi-gto-auto-4wd/OAG-AD-25521014/,OAG-AD-25521014,OAG-AD-25521014,1995,MITSUBISHI,GTO,,2026-04-30T08:27:09,,https://carsales.pxcrush.net/carsales/car/dealer/c2ai4nksf5y7w8dcs7ogw324b.jpg?pxc_format=jpeg&pxc_size=1200%2C630,1995 Mitsubishi GTO Auto 4WD,stock_tail4_match:1018,,2026-04-30T08:27:09,"[""https://carsales.pxcrush.net/carsales/car/dealer/c2ai4nksf5y7w8dcs7ogw324b.jpg?pxc_format=jpeg&pxc_size=1200%2C630""]",Coupe,1190,19951018,19951018,Petrol,1,stock_tail4_match:1018,100.0,identified,Z16A-0100673,1018,0,,,23,Check with seller,Automatic,6ZZS00Z16A0100673
1997 Mitsubishi Delica Spacegear Exceed PE8W Auto 4x4,"$17,400",17400,"171,718km",171718,https://www.carsales.com.au/cars/details/1997-mitsubishi-delica-spacegear-exceed-pe8w-auto-4x4/OAG-AD-25649682/,OAG-AD-25649682,OAG-AD-25649682,1997,MITSUBISHI,Delica,,2026-04-30T08:27:09,,https://carsales.pxcrush.net/carsales/car/dealer/5l8cb5ujue1ridzf20euamfqn.jpg?pxc_format=jpeg&pxc_size=1200%2C630,1997 Mitsubishi Delica Spacegear Exceed PE8W Auto 4x4,stock_tail4_match:1032,,2026-04-30T08:27:09,"[""https://carsales.pxcrush.net/carsales/car/dealer/5l8cb5ujue1ridzf20euamfqn.jpg?pxc_format=jpeg&pxc_size=1200%2C630""]",People Mover,1332,19971032,19971032,Diesel,1,stock_tail4_match:1032,100.0,identified,PE8W-0213867,1032,0,,,20,Check with seller,Automatic,6ZZV00PE8W0213867
2023 Nissan Aura G FE13 Auto,"$31,900",31900,"24,830km",24830,https://www.carsales.com.au/cars/details/2023-nissan-aura-g-fe13-auto/OAG-AD-25705491/,OAG-AD-25705491,OAG-AD-25705491,2023,NISSAN,AURA,,2026-04-30T08:27:09,,https://carsales.pxcrush.net/carsales/car/dealer/jacc50w49yedvwcl446o18y3.jpg?pxc_format=jpeg&pxc_size=1200%2C630,2023 Nissan Aura G FE13 Auto,stock_tail4_match:1028,,2026-04-30T08:27:09,"[""https://carsales.pxcrush.net/carsales/car/dealer/jacc50w49yedvwcl446o18y3.jpg?pxc_format=jpeg&pxc_size=1200%2C630""]",Hatch,1229,20231028,20231028,Hybrid,1,stock_tail4_match:1028,100.0,identified,FE13-370242,1028,0,,,25,Check with seller,Automatic,6ZZP000FE13370242
2023 Nissan Aura G FE13 Auto,"$31,400",31400,"6,241km",6241,https://www.carsales.com.au/cars/details/2023-nissan-aura-g-fe13-auto/OAG-AD-25649687/,OAG-AD-25649687,OAG-AD-25649687,2023,NISSAN,AURA,,2026-04-30T08:27:09,,https://carsales.pxcrush.net/carsales/cars/dealer/60140c49vxqz9bni7iyx9u4tx.jpg?pxc_format=jpeg&pxc_size=1200%2C630,2023 Nissan Aura G FE13 Auto,stock_tail4_match:1027,,2026-04-30T08:27:09,"[""https://carsales.pxcrush.net/carsales/cars/dealer/60140c49vxqz9bni7iyx9u4tx.jpg?pxc_format=jpeg&pxc_size=1200%2C630""]",Hatch,1267,20231027,20231027,Hybrid,1,stock_tail4_match:1027,100.0,identified,FE13-303732,1027,1,odometer,"Odometer mismatch: Carsales 6,241km vs Carbarn 6,268km",23,Check with seller,Automatic,6ZZP000FE13303732
2022 Nissan Serena X C27 Auto,"$27,900",27900,"51,829km",51829,https://www.carsales.com.au/cars/details/2022-nissan-serena-x-c27-auto/OAG-AD-25705790/,OAG-AD-25705790,OAG-AD-25705790,2022,NISSAN,Serena,,2026-04-30T08:27:09,,https://carsales.pxcrush.net/carsales/cars/dealer/dzgpopgq7dtoyunalx8x5ggbn.jpg?pxc_format=jpeg&pxc_size=1200%2C630,2022 Nissan Serena X C27 Auto,stock_tail4_match:1059,,2026-04-30T08:27:09,"[""https://carsales.pxcrush.net/carsales/cars/dealer/dzgpopgq7dtoyunalx8x5ggbn.jpg?pxc_format=jpeg&pxc_size=1200%2C630""]",Wagon,1284,20221059,20221059,Petrol,1,stock_tail4_match:1059,100.0,identified,GC27-073541,1059,0,,,23,Check with seller,Automatic,6ZZN000GC27073541
2021 Nissan Serena Highway Star S-Hybrid C27 Auto,"$31,900",31900,"26,000km",26000,https://www.carsales.com.au/cars/details/2021-nissan-serena-highway-star-s-hybrid-c27-auto/OAG-AD-25780113/,OAG-AD-25780113,OAG-AD-25780113,2021,NISSAN,Serena,,2026-04-30T08:27:09,,https://carsales.pxcrush.net/carsales/car/dealer/6fmivi8khwwbnsx6hfbwqmn9g.jpg?pxc_format=jpeg&pxc_size=1200%2C630,2021 Nissan Serena Highway Star S-Hybrid C27 Auto,stock_tail4_match:1072,,2026-04-30T08:27:09,"[""https://carsales.pxcrush.net/carsales/car/dealer/6fmivi8khwwbnsx6hfbwqmn9g.jpg?pxc_format=jpeg&pxc_size=1200%2C630""]",Wagon,1335,20211072,20211072,Petrol,1,stock_tail4_match:1072,100.0,identified,GFC27-224929,1072,0,,,6,Check with seller,Automatic,6ZZM00GFC27224929
2009 Subaru Impreza WRX STI A Line GRF Auto AWD,"$22,400",22400,"83,499km",83499,https://www.carsales.com.au/cars/details/2009-subaru-impreza-wrx-sti-a-line-grf-auto-awd/OAG-AD-25705794/,OAG-AD-25705794,OAG-AD-25705794,2009,SUBARU,Impreza,,2026-04-30T08:27:09,,https://carsales.pxcrush.net/carsales/car/dealer/ffceecdb8c0742e192ce7bfd244383a3.jpg?pxc_format=jpeg&pxc_size=1200%2C630,2009 Subaru Impreza WRX STI A Line GRF Auto AWD,stock_tail4_match:1065,,2026-04-30T08:27:09,"[""https://carsales.pxcrush.net/carsales/car/dealer/ffceecdb8c0742e192ce7bfd244383a3.jpg?pxc_format=jpeg&pxc_size=1200%2C630""]",Hatch,1230,20091065,20091065,Petrol,1,stock_tail4_match:1065,100.0,identified,GRF-003705,1065,0,,,27,Check with seller,Automatic,6ZZ90000GRF003705
2009 Subaru Impreza WRX STI A Line GRF Auto AWD,"$21,400",21400,"97,848km",97848,https://www.carsales.com.au/cars/details/2009-subaru-impreza-wrx-sti-a-line-grf-auto-awd/OAG-AD-25744499/,OAG-AD-25744499,OAG-AD-25744499,2009,SUBARU,Impreza,,2026-04-30T08:27:09,,https://carsales.pxcrush.net/carsales/car/dealer/9dtcwew47affeykmbwrtm5yan.jpg?pxc_format=jpeg&pxc_size=1200%2C630,2009 Subaru Impreza WRX STI A Line GRF Auto AWD,stock_tail4_match:1070,,2026-04-30T08:27:09,"[""https://carsales.pxcrush.net/carsales/car/dealer/9dtcwew47affeykmbwrtm5yan.jpg?pxc_format=jpeg&pxc_size=1200%2C630""]",Hatch,1293,20091070,20091070,Petrol,1,stock_tail4_match:1070,100.0,identified,GRF-004024,1070,0,,,26,Check with seller,Automatic,6ZZ90000GRF004024
2024 Suzuki Jimny XC Auto 4x4,"$31,400",31400,472km,472,https://www.carsales.com.au/cars/details/2024-suzuki-jimny-xc-auto-4x4/OAG-AD-25744493/,OAG-AD-25744493,OAG-AD-25744493,2024,SUZUKI,JIMNY,,2026-04-30T08:27:09,,https://carsales.pxcrush.net/carsales/car/dealer/9oxulqdp4879fvwjsupbypkwx.jpg?pxc_format=jpeg&pxc_size=1200%2C630,2024 Suzuki Jimny XC Auto 4x4,stock_tail4_match:1073,,2026-04-30T08:27:09,"[""https://carsales.pxcrush.net/carsales/car/dealer/9oxulqdp4879fvwjsupbypkwx.jpg?pxc_format=jpeg&pxc_size=1200%2C630""]",SUV,1330,20241073,20241073,Petrol,1,stock_tail4_match:1073,100.0,identified,JB64W-327198,1073,0,,,23,Check with seller,Automatic,6ZZR00JB64W327198
2024 Toyota Prius Z Auto 4WD,"$43,900",43900,"6,000km",6000,https://www.carsales.com.au/cars/details/2024-toyota-prius-z-auto-4wd/OAG-AD-25649699/,OAG-AD-25649699,OAG-AD-25649699,2024,TOYOTA,Prius,,2026-04-30T08:27:09,,https://carsales.pxcrush.net/carsales/cars/dealer/cezvxudmd1phmocokpdgcf22l.jpg?pxc_format=jpeg&pxc_size=1200%2C630,2024 Toyota Prius Z Auto 4WD,stock_tail4_match:1029,,2026-04-30T08:27:09,"[""https://carsales.pxcrush.net/carsales/cars/dealer/cezvxudmd1phmocokpdgcf22l.jpg?pxc_format=jpeg&pxc_size=1200%2C630""]",Hatch,1307,20241029,20241029,Hybrid,1,stock_tail4_match:1029,100.0,identified,MXWH65-4019630,1029,1,odometer,"Odometer mismatch: Carsales 6,000km vs Carbarn 5,881km",25,Check with seller,Automatic,6ZZRMXWH654019630
2009 Toyota Hiace DX LWB Auto 4WD,"$26,900",26900,"173,000km",173000,https://www.carsales.com.au/cars/details/2009-toyota-hiace-dx-lwb-auto-4wd/OAG-AD-25744492/,OAG-AD-25744492,OAG-AD-25744492,2009,TOYOTA,Hiace,,2026-04-30T08:27:09,,https://carsales.pxcrush.net/carsales/car/dealer/12vbcb4tmxfun5dn6it0xfdpa.jpg?pxc_format=jpeg&pxc_size=1200%2C630,2009 Toyota Hiace DX LWB Auto 4WD,stock_tail4_match:1009,,2026-04-30T08:27:09,"[""https://carsales.pxcrush.net/carsales/car/dealer/12vbcb4tmxfun5dn6it0xfdpa.jpg?pxc_format=jpeg&pxc_size=1200%2C630""]",Van,1253,20091009,20091009,Diesel,1,stock_tail4_match:1009,100.0,identified,KDH206-8020379,1009,0,,,6,Check with seller,Automatic,6ZZ9KDH2068020379
2022 Toyota Yaris X Hybrid Auto eFour,"$24,900",24900,"61,270km",61270,https://www.carsales.com.au/cars/details/2022-toyota-yaris-x-hybrid-auto-efour/OAG-AD-25649683/,OAG-AD-25649683,OAG-AD-25649683,2022,TOYOTA,YARIS,,2026-04-30T08:27:09,,https://carsales.pxcrush.net/carsales/car/dealer/7rprz3h8qs3ebfe0d66vapww2.jpg?pxc_format=jpeg&pxc_size=1200%2C630,2022 Toyota Yaris X Hybrid Auto eFour,stock_tail4_match:1042,,2026-04-30T08:27:09,"[""https://carsales.pxcrush.net/carsales/car/dealer/7rprz3h8qs3ebfe0d66vapww2.jpg?pxc_format=jpeg&pxc_size=1200%2C630""]",Hatch,1311,20221042,20221042,Hybrid,1,stock_tail4_match:1042,100.0,identified,MXPH15-0018516,1042,0,,,27,Check with seller,Automatic,6ZZNMXPH150018516
2014 Toyota Alphard 240S Type Gold II Auto,"$22,900",22900,"80,000km",80000,https://www.carsales.com.au/cars/details/2014-toyota-alphard-240s-type-gold-ii-auto/OAG-AD-25709367/,OAG-AD-25709367,OAG-AD-25709367,2014,TOYOTA,Alphard,,2026-04-30T08:27:09,,https://carsales.pxcrush.net/carsales/car/dealer/7zg99zhz31mus6o1n8tnec5ob.jpg?pxc_format=jpeg&pxc_size=1200%2C630,2014 Toyota Alphard 240S Type Gold II Auto,stock_tail4_match:1046,,2026-04-30T08:27:09,"[""https://carsales.pxcrush.net/carsales/car/dealer/7zg99zhz31mus6o1n8tnec5ob.jpg?pxc_format=jpeg&pxc_size=1200%2C630""]",People Mover,1321,20141046,20141046,Petrol,1,stock_tail4_match:1046,100.0,identified,ANH20-8355680,1046,0,,,26,Check with seller,Automatic,6ZZE0ANH208355680
2014 Toyota Alphard Auto,"$21,900",21900,"69,000km",69000,https://www.carsales.com.au/cars/details/2014-toyota-alphard-auto/OAG-AD-25780101/,OAG-AD-25780101,OAG-AD-25780101,2014,TOYOTA,Vellfire,,2026-04-30T08:27:09,,https://carsales.pxcrush.net/carsales/car/dealer/70eqqpd1cllf5djupw2963ude.jpg?pxc_format=jpeg&pxc_size=1200%2C630,2014 Toyota Alphard Auto,stock_tail4_match:1040,,2026-04-30T08:27:09,"[""https://carsales.pxcrush.net/carsales/car/dealer/70eqqpd1cllf5djupw2963ude.jpg?pxc_format=jpeg&pxc_size=1200%2C630""]",People Mover,1291,20141040,20141040,Petrol,1,stock_tail4_match:1040,100.0,identified,ANH20-8323267,1040,0,,,5,Check with seller,Automatic,6ZZE0ANH208323267
2013 Toyota Alphard 240S Type Gold Auto,"$22,900",22900,"67,593km",67593,https://www.carsales.com.au/cars/details/2013-toyota-alphard-240s-type-gold-auto/OAG-AD-25709368/,OAG-AD-25709368,OAG-AD-25709368,2013,TOYOTA,Alphard,,2026-04-30T08:27:09,,https://carsales.pxcrush.net/carsales/car/dealer/awdxan0nba2l7q4h7wun7myja.jpg?pxc_format=jpeg&pxc_size=1200%2C630,2013 Toyota Alphard 240S Type Gold Auto,stock_tail4_match:1045,,2026-04-30T08:27:09,"[""https://carsales.pxcrush.net/carsales/car/dealer/awdxan0nba2l7q4h7wun7myja.jpg?pxc_format=jpeg&pxc_size=1200%2C630""]",People Mover,1322,20131045,20131045,Petrol,1,stock_tail4_match:1045,100.0,identified,ANH20-8265684,1045,0,,,22,Check with seller,Automatic,6ZZD0ANH208265684
2020 Toyota Noah Hybrid SI Auto,"$38,400",38400,"28,000km",28000,https://www.carsales.com.au/cars/details/2020-toyota-noah-hybrid-si-auto/OAG-AD-25709542/,OAG-AD-25709542,OAG-AD-25709542,2020,TOYOTA,Noah,,2026-04-30T08:27:09,,https://carsales.pxcrush.net/carsales/car/dealer/304dx575ndwp7zh4ph1r97s98.jpg?pxc_format=jpeg&pxc_size=1200%2C630,2020 Toyota Noah Hybrid SI Auto,stock_tail4_match:1064,,2026-04-30T08:27:09,"[""https://carsales.pxcrush.net/carsales/car/dealer/304dx575ndwp7zh4ph1r97s98.jpg?pxc_format=jpeg&pxc_size=1200%2C630""]",People Mover,1326,20201064,20201064,Hybrid,1,stock_tail4_match:1064,100.0,identified,ZWR80-0474507,1064,1,odometer,"Odometer mismatch: Carsales 28,000km vs Carbarn 27,955km",23,Check with seller,Automatic,6ZZL0ZWR800474507
2020 Toyota Noah Hybrid SI Auto,"$29,900",29900,"79,910km",79910,https://www.carsales.com.au/cars/details/2020-toyota-noah-hybrid-si-auto/OAG-AD-25705795/,OAG-AD-25705795,OAG-AD-25705795,2020,TOYOTA,Noah,,2026-04-30T08:27:09,,https://carsales.pxcrush.net/carsales/car/dealer/9yh53cwf7i1tfzwyr9e1rxwko.jpg?pxc_format=jpeg&pxc_size=1200%2C630,2020 Toyota Noah Hybrid SI Auto,stock_tail4_match:1063,,2026-04-30T08:27:09,"[""https://carsales.pxcrush.net/carsales/car/dealer/9yh53cwf7i1tfzwyr9e1rxwko.jpg?pxc_format=jpeg&pxc_size=1200%2C630""]",People Mover,1331,20201063,20201063,Hybrid,1,stock_tail4_match:1063,100.0,identified,ZWR80-0475693,1063,0,,,27,Check with seller,Automatic,6ZZL0ZWR800475693
2024 Toyota Yaris X Hybrid Auto eFour,"$25,900",25900,"38,000km",38000,https://www.carsales.com.au/cars/details/2024-toyota-yaris-x-hybrid-auto-efour/OAG-AD-25780106/,OAG-AD-25780106,OAG-AD-25780106,2024,TOYOTA,YARIS,,2026-04-30T08:27:09,,https://carsales.pxcrush.net/carsales/car/dealer/2lsim34ub2jlbqnml961i524n.jpg?pxc_format=jpeg&pxc_size=1200%2C630,2024 Toyota Yaris X Hybrid Auto eFour,stock_tail4_match:1098,,2026-04-30T08:27:09,"[""https://carsales.pxcrush.net/carsales/car/dealer/2lsim34ub2jlbqnml961i524n.jpg?pxc_format=jpeg&pxc_size=1200%2C630""]",Hatch,1133,20241098,20241098,Hybrid,1,stock_tail4_match:1098,100.0,identified,MXPH17-0003909,1098,0,,,6,Check with seller,Automatic,6ZZRMXPH170003909
2023 Toyota Yaris X Hybrid Auto eFour,"$24,900",24900,"62,000km",62000,https://www.carsales.com.au/cars/details/2023-toyota-yaris-x-hybrid-auto-efour/OAG-AD-25780109/,OAG-AD-25780109,OAG-AD-25780109,2023,TOYOTA,YARIS,,2026-04-30T08:27:09,,https://carsales.pxcrush.net/carsales/car/dealer/8cjvhq6sd9cxaakuz3cgd5oax.jpg?pxc_format=jpeg&pxc_size=1200%2C630,2023 Toyota Yaris X Hybrid Auto eFour,stock_tail4_match:1091,,2026-04-30T08:27:09,"[""https://carsales.pxcrush.net/carsales/car/dealer/8cjvhq6sd9cxaakuz3cgd5oax.jpg?pxc_format=jpeg&pxc_size=1200%2C630""]",Hatch,1346,20231091,20231091,Hybrid,1,stock_tail4_match:1091,100.0,identified,MXPH15-0025176,1091,0,,,5,Check with seller,Automatic,6ZZPMXPH150025176
2022 Toyota Raize Auto,"$27,900",27900,"48,000km",48000,https://www.carsales.com.au/cars/details/2022-toyota-raize-auto/OAG-AD-25709540/,OAG-AD-25709540,OAG-AD-25709540,2022,TOYOTA,Raize,,2026-04-30T08:27:09,,https://carsales.pxcrush.net/carsales/car/dealer/9qy2uxpks0lssni5kkwlegz8o.jpg?pxc_format=jpeg&pxc_size=1200%2C630,2022 Toyota Raize Auto,stock_tail4_match:1069,,2026-04-30T08:27:09,"[""https://carsales.pxcrush.net/carsales/car/dealer/9qy2uxpks0lssni5kkwlegz8o.jpg?pxc_format=jpeg&pxc_size=1200%2C630""]",Wagon,1328,20221069,20221069,Hybrid,1,stock_tail4_match:1069,100.0,identified,A202A-0044734,1069,1,odometer,"Odometer mismatch: Carsales 48,000km vs Carbarn 48,749km",24,Check with seller,Automatic,6ZZN0A202A0044734
2022 Toyota Raize Auto,"$29,400",29400,"27,782km",27782,https://www.carsales.com.au/cars/details/2022-toyota-raize-auto/OAG-AD-25754029/,OAG-AD-25754029,OAG-AD-25754029,2022,TOYOTA,Raize,,2026-04-30T08:27:09,,https://carsales.pxcrush.net/carsales/car/dealer/910l8w5z13zmtubvtemdg3kqm.jpg?pxc_format=jpeg&pxc_size=1200%2C630,2022 Toyota Raize Auto,stock_tail4_match:1068,,2026-04-30T08:27:09,"[""https://carsales.pxcrush.net/carsales/car/dealer/910l8w5z13zmtubvtemdg3kqm.jpg?pxc_format=jpeg&pxc_size=1200%2C630""]",Wagon,1268,20221068,20221068,Hybrid,1,stock_tail4_match:1068,100.0,identified,A202A-0047296,1068,0,,,30,Check with seller,Automatic,6ZZN0A202A0047296
2024 Toyota Corolla Hybrid G Auto AWD,"$31,900",31900,"14,000km",14000,https://www.carsales.com.au/cars/details/2024-toyota-corolla-hybrid-g-auto-awd/OAG-AD-25780108/,OAG-AD-25780108,OAG-AD-25780108,2024,TOYOTA,Corolla,,2026-04-30T08:27:09,,https://carsales.pxcrush.net/carsales/car/dealer/b82hz7u2g4hs02rva9pwfexu5.jpg?pxc_format=jpeg&pxc_size=1200%2C630,2024 Toyota Corolla Hybrid G Auto AWD,stock_tail4_match:1075,,2026-04-30T08:27:09,"[""https://carsales.pxcrush.net/carsales/car/dealer/b82hz7u2g4hs02rva9pwfexu5.jpg?pxc_format=jpeg&pxc_size=1200%2C630""]",Sedan,1347,20241075,20241075,Hybrid,1,stock_tail4_match:1075,100.0,identified,ZWE215-0024058,1075,0,,,4,Check with seller,Automatic,6ZZRZWE2150024058
2013 Toyota Estima Aeras Hybrid Auto 4WD,"$26,900",26900,"68,218km",68218,https://www.carsales.com.au/cars/details/2013-toyota-estima-aeras-hybrid-auto-4wd/OAG-AD-25780116/,OAG-AD-25780116,OAG-AD-25780116,2013,TOYOTA,Estima,,2026-04-30T08:27:09,,https://carsales.pxcrush.net/carsales/car/dealer/9lg3anmlyrto3rze99lhd2pme.jpg?pxc_format=jpeg&pxc_size=1200%2C630,2013 Toyota Estima Aeras Hybrid Auto 4WD,stock_tail4_match:1088,,2026-04-30T08:27:09,"[""https://carsales.pxcrush.net/carsales/car/dealer/9lg3anmlyrto3rze99lhd2pme.jpg?pxc_format=jpeg&pxc_size=1200%2C630""]",People Mover,1345,20131088,20131088,Hybrid,1,stock_tail4_match:1088,100.0,identified,AHR20-7072387,1088,0,,,9,Check with seller,Automatic,6ZZD0AHR207072387
