title,price_text,price,odometer_text,odometer_km,detail_url,network_id,card_id,inventory_year_filter,inventory_make_filter,inventory_model_filter,search_url,verified_at,detail_date,first_image_url,detail_page_title,carbarn_evidence,in_date_range,updated_at,dealer_stock_id,dealer_stock_ids,car_code,photo_count,all_image_urls,image_count,vin,registration_plate,body_type,fuel,transmission,matched_stock_no,matched_chassis,match_score,match_reason,match_status,mismatch_count,mismatch_fields,mismatch_messages
2022 Nissan Serena Highway Star V C27 Auto,"$30,400",30400,"41,090km",41090,https://www.carsales.com.au/cars/details/2022-nissan-serena-highway-star-v-c27-auto/OAG-AD-25780110/,OAG-AD-25780110,OAG-AD-25780110,2022,NISSAN,Serena,,2026-05-01T10:38:40,,https://carsales.pxcrush.net/carsales/cars/dealer/2lpoox2luysyu1iljka6ku8u0.jpg?pxc_format=jpeg&pxc_size=1200%2C630,2022 Nissan Serena Highway Star V C27 Auto,stock_tail4_match:1084,,2026-05-01T10:38:40,20221084,20221084,1343,45,"[""https://carsales.pxcrush.net/carsales/cars/dealer/2lpoox2luysyu1iljka6ku8u0.jpg?pxc_format=jpeg&pxc_size=1200%2C630""]",1,6ZZN00GFC27243635,Check with seller,Wagon,Petrol,Automatic,1084,GFC27-243635,100.0,stock_tail4_match:1084,identified,0,,
2021 Nissan Serena Highway Star S-Hybrid C27 Auto,"$30,900",30900,"46,656km",46656,https://www.carsales.com.au/cars/details/2021-nissan-serena-highway-star-s-hybrid-c27-auto/OAG-AD-25780111/,OAG-AD-25780111,OAG-AD-25780111,2021,NISSAN,Serena,,2026-05-01T10:38:40,,https://carsales.pxcrush.net/carsales/cars/dealer/d9rzrdj078rornkm2z33c3z74.jpg?pxc_format=jpeg&pxc_size=1200%2C630,2021 Nissan Serena Highway Star S-Hybrid C27 Auto,stock_tail4_match:1081,,2026-05-01T10:38:40,20211081,20211081,1341,39,"[""https://carsales.pxcrush.net/carsales/cars/dealer/d9rzrdj078rornkm2z33c3z74.jpg?pxc_format=jpeg&pxc_size=1200%2C630""]",1,6ZZM00GFC27224207,Check with seller,Wagon,Petrol,Automatic,1081,GFC27-224207,100.0,stock_tail4_match:1081,identified,0,,
2021 Nissan Serena Highway Star S-Hybrid C27 Auto,"$29,400",29400,"52,565km",52565,https://www.carsales.com.au/cars/details/2021-nissan-serena-highway-star-s-hybrid-c27-auto/OAG-AD-25780112/,OAG-AD-25780112,OAG-AD-25780112,2021,NISSAN,Serena,,2026-05-01T10:38:40,,https://carsales.pxcrush.net/carsales/cars/dealer/blunklb4gxzd22rnozj8adebu.jpg?pxc_format=jpeg&pxc_size=1200%2C630,2021 Nissan Serena Highway Star S-Hybrid C27 Auto,stock_tail4_match:1080,,2026-05-01T10:38:40,20211080,20211080,1338,27,"[""https://carsales.pxcrush.net/carsales/cars/dealer/blunklb4gxzd22rnozj8adebu.jpg?pxc_format=jpeg&pxc_size=1200%2C630""]",1,6ZZM00GFC27230749,Check with seller,Wagon,Petrol,Automatic,1080,GFC27-230749,100.0,stock_tail4_match:1080,identified,0,,
2024 Toyota Yaris X Hybrid Auto eFour,"$28,400",28400,"22,539km",22539,https://www.carsales.com.au/cars/details/2024-toyota-yaris-x-hybrid-auto-efour/OAG-AD-25780107/,OAG-AD-25780107,OAG-AD-25780107,2024,TOYOTA,YARIS,,2026-05-01T10:38:40,,https://carsales.pxcrush.net/carsales/cars/dealer/rtperfq5cdqujjjylpa9uhl.jpg?pxc_format=jpeg&pxc_size=1200%2C630,2024 Toyota Yaris X Hybrid Auto eFour,stock_tail4_match:1096,,2026-05-01T10:38:40,20241096,20241096,1244,24,"[""https://carsales.pxcrush.net/carsales/cars/dealer/rtperfq5cdqujjjylpa9uhl.jpg?pxc_format=jpeg&pxc_size=1200%2C630""]",1,6ZZRMXPH170003721,Check with seller,Hatch,Hybrid,Automatic,1096,MXPH17-0003721,100.0,stock_tail4_match:1096,identified,0,,
2020 Toyota Hiace DX LWB Auto,"$31,900",31900,"36,000km",36000,https://www.carsales.com.au/cars/details/2020-toyota-hiace-dx-lwb-auto/OAG-AD-25780114/,OAG-AD-25780114,OAG-AD-25780114,2020,TOYOTA,Hiace,,2026-05-01T10:38:40,,https://carsales.pxcrush.net/carsales/car/dealer/4tgqdxmf8rknkkd3094k0c3la.jpg?pxc_format=jpeg&pxc_size=1200%2C630,2020 Toyota Hiace DX LWB Auto,stock_tail4_match:1092,,2026-05-01T10:38:40,20201092,20201092,1344,5,"[""https://carsales.pxcrush.net/carsales/car/dealer/4tgqdxmf8rknkkd3094k0c3la.jpg?pxc_format=jpeg&pxc_size=1200%2C630""]",1,6ZZLTRH2000317052,Check with seller,Van,Petrol,Automatic,1092,TRH200-0317052,100.0,stock_tail4_match:1092,identified,0,,
1998 Mitsubishi Pajero Mini X H53A Auto,"$10,400",10400,"61,157km",61157,https://www.carsales.com.au/cars/details/1998-mitsubishi-pajero-mini-x-h53a-auto/OAG-AD-25705796/,OAG-AD-25705796,OAG-AD-25705796,1998,MITSUBISHI,Pajero,,2026-05-01T10:38:40,,https://carsales.pxcrush.net/carsales/car/dealer/u3tmxa6o0tgqf4919sme1s98.jpg?pxc_format=jpeg&pxc_size=1200%2C630,1998 Mitsubishi Pajero Mini X H53A Auto,stock_tail4_match:1058,,2026-05-01T10:38:40,19981058,19981058,1261,19,"[""https://carsales.pxcrush.net/carsales/car/dealer/u3tmxa6o0tgqf4919sme1s98.jpg?pxc_format=jpeg&pxc_size=1200%2C630""]",1,6ZZW00H53A0000467,Check with seller,SUV,Petrol,Automatic,1058,H53A-0000467,100.0,stock_tail4_match:1058,identified,0,,
2013 Toyota Hiace DX Super LWB Auto 4WD,"$33,900",33900,"222,468km",222468,https://www.carsales.com.au/cars/details/2013-toyota-hiace-dx-super-lwb-auto-4wd/OAG-AD-24937831/,OAG-AD-24937831,OAG-AD-24937831,2013,TOYOTA,Hiace,,2026-05-01T10:38:40,,https://carsales.pxcrush.net/carsales/car/dealer/3jkj1win68tjfgn0g9wjiwr6t.jpg?pxc_format=jpeg&pxc_size=1200%2C630,2013 Toyota Hiace DX Super LWB Auto 4WD,stock_tail3_match:605,,2026-05-01T10:38:40,2013605,2013605,1187,22,"[""https://carsales.pxcrush.net/carsales/car/dealer/3jkj1win68tjfgn0g9wjiwr6t.jpg?pxc_format=jpeg&pxc_size=1200%2C630""]",1,6ZZDTRH2260011595,Check with seller,Van,Petrol,Automatic,605,TRH226-0011595,95.0,stock_tail3_match:605,identified,0,,
2008 Toyota Hiace Super LWB Auto 4WD,"$32,900",32900,"163,439km",163439,https://www.carsales.com.au/cars/details/2008-toyota-hiace-super-lwb-auto-4wd/OAG-AD-25508529/,OAG-AD-25508529,OAG-AD-25508529,2008,TOYOTA,Hiace,,2026-05-01T10:38:40,,https://carsales.pxcrush.net/carsales/car/dealer/cxtx1y2b4wafxw0swhdrjtvw3.jpg?pxc_format=jpeg&pxc_size=1200%2C630,2008 Toyota Hiace Super LWB Auto 4WD,stock_tail3_match:723,,2026-05-01T10:38:40,2008723,2008723,1247,23,"[""https://carsales.pxcrush.net/carsales/car/dealer/cxtx1y2b4wafxw0swhdrjtvw3.jpg?pxc_format=jpeg&pxc_size=1200%2C630""]",1,6ZZ8TRH2260005524,Check with seller,Van,Petrol,Automatic,723,TRH226-0005524,95.0,stock_tail3_match:723,identified,0,,
1991 Toyota Hiace SWB Auto,"$37,900",37900,"137,631km",137631,https://www.carsales.com.au/cars/details/1991-toyota-hiace-swb-auto/OAG-AD-25532399/,OAG-AD-25532399,OAG-AD-25532399,1991,TOYOTA,Hiace,,2026-05-01T10:38:40,,https://carsales.pxcrush.net/carsales/car/dealer/23iadlu2asx9o7k724hcdr9he.jpg?pxc_format=jpeg&pxc_size=1200%2C630,1991 Toyota Hiace SWB Auto,stock_tail3_match:896,,2026-05-01T10:38:40,1991896,1991896,1302,32,"[""https://carsales.pxcrush.net/carsales/car/dealer/23iadlu2asx9o7k724hcdr9he.jpg?pxc_format=jpeg&pxc_size=1200%2C630""]",1,6ZZM0LH1190018886,Check with seller,Van,Diesel,Automatic,896,LH1190018886,95.0,stock_tail3_match:896,identified,0,,
2000 Toyota Landcruiser Cygnus Auto 4x4,"$29,900",29900,"217,819km",217819,https://www.carsales.com.au/cars/details/2000-toyota-landcruiser-cygnus-auto-4x4/OAG-AD-25437171/,OAG-AD-25437171,OAG-AD-25437171,2000,TOYOTA,Land Cruiser,,2026-05-01T10:38:40,,https://carsales.pxcrush.net/carsales/car/dealer/2plzb82wn186ff00rra20uudb.jpg?pxc_format=jpeg&pxc_size=1200%2C630,2000 Toyota Landcruiser Cygnus Auto 4x4,stock_tail3_match:804,,2026-05-01T10:38:40,2000804,2000804,1289,31,"[""https://carsales.pxcrush.net/carsales/car/dealer/2plzb82wn186ff00rra20uudb.jpg?pxc_format=jpeg&pxc_size=1200%2C630""]",1,6ZZYUZJ1000105063,Check with seller,SUV,Petrol,Automatic,804,UZJ100-0105063,95.0,stock_tail3_match:804,identified,0,,
1999 Mitsubishi Strada K74T Auto 4x4 Dual Cab,"$34,900",34900,"134,795km",134795,https://www.carsales.com.au/cars/details/1999-mitsubishi-strada-k74t-auto-4x4-dual-cab/OAG-AD-24984736/,OAG-AD-24984736,OAG-AD-24984736,1999,MITSUBISHI,Strada,,2026-05-01T10:38:40,,https://carsales.pxcrush.net/carsales/car/dealer/2exe4klgo235auicizlnd014t.jpg?pxc_format=jpeg&pxc_size=1200%2C630,1999 Mitsubishi Strada K74T Auto 4x4 Dual Cab,stock_tail3_match:824,,2026-05-01T10:38:40,1999824,1999824,1248,26,"[""https://carsales.pxcrush.net/carsales/car/dealer/2exe4klgo235auicizlnd014t.jpg?pxc_format=jpeg&pxc_size=1200%2C630""]",1,6ZZX000K741100900,Check with seller,Ute,Diesel,Automatic,824,K741100900,95.0,stock_tail3_match:824,identified,0,,
2021 Nissan Note e-POWER X E13 Auto,"$21,900",21900,"51,489km",51489,https://www.carsales.com.au/cars/details/2021-nissan-note-e-power-x-e13-auto/OAG-AD-25056824/,OAG-AD-25056824,OAG-AD-25056824,2021,NISSAN,Note,,2026-05-01T10:38:40,,https://carsales.pxcrush.net/carsales/car/dealer/4zriksgmofl0oi08oipefhvfq.jpg?pxc_format=jpeg&pxc_size=1200%2C630,2021 Nissan Note e-POWER X E13 Auto,stock_tail3_match:945,,2026-05-01T10:38:40,2021945,2021945,1327,29,"[""https://carsales.pxcrush.net/carsales/car/dealer/4zriksgmofl0oi08oipefhvfq.jpg?pxc_format=jpeg&pxc_size=1200%2C630""]",1,6ZZM0000E13057943,Check with seller,Hatch,Hybrid,Automatic,945,E13-057943,95.0,stock_tail3_match:945,identified,0,,
1994 Mitsubishi Pajero Exceed NJ Auto 4WD,"$19,900",19900,"86,382km",86382,https://www.carsales.com.au/cars/details/1994-mitsubishi-pajero-exceed-nj-auto-4wd/OAG-AD-25415448/,OAG-AD-25415448,OAG-AD-25415448,1994,MITSUBISHI,Pajero,,2026-05-01T10:38:40,,https://carsales.pxcrush.net/carsales/car/dealer/edj48uikzw0o35iwfdw6m46kz.jpg?pxc_format=jpeg&pxc_size=1200%2C630,1994 Mitsubishi Pajero Exceed NJ Auto 4WD,stock_tail3_match:976,,2026-05-01T10:38:40,1994976,1994976,1214,28,"[""https://carsales.pxcrush.net/carsales/car/dealer/edj48uikzw0o35iwfdw6m46kz.jpg?pxc_format=jpeg&pxc_size=1200%2C630""]",1,6ZZR000V464028233,Check with seller,SUV,Diesel,Automatic,976,V46-4028233,95.0,stock_tail3_match:976,identified,0,,
1996 Toyota Hiace Super Custom Auto,"$46,900",46900,"37,073km",37073,https://www.carsales.com.au/cars/details/1996-toyota-hiace-super-custom-auto/OAG-AD-25751349/,OAG-AD-25751349,OAG-AD-25751349,1996,TOYOTA,Hiace,,2026-05-01T10:38:40,,https://carsales.pxcrush.net/carsales/car/dealer/efuc8acvgtmg1qrxyibbi4l1u.jpg?pxc_format=jpeg&pxc_size=1200%2C630,1996 Toyota Hiace Super Custom Auto,stock_tail3_match:987,,2026-05-01T10:38:40,1996987,1996987,1323,25,"[""https://carsales.pxcrush.net/carsales/car/dealer/efuc8acvgtmg1qrxyibbi4l1u.jpg?pxc_format=jpeg&pxc_size=1200%2C630""]",1,6ZZX0LY1110006633,Check with seller,People Mover,Diesel,Automatic,987,LY1110003463,95.0,stock_tail3_match:987,identified,0,,
2000 Toyota MR2 Spyder Manual,"$20,900",20900,"91,323km",91323,https://www.carsales.com.au/cars/details/2000-toyota-mr2-spyder-manual/OAG-AD-25461738/,OAG-AD-25461738,OAG-AD-25461738,2000,TOYOTA,MR-S,,2026-05-01T10:38:40,,https://carsales.pxcrush.net/carsales/car/dealer/3clj9u1o2yjcbb634vz0aojn2.jpg?pxc_format=jpeg&pxc_size=1200%2C630,2000 Toyota MR2 Spyder Manual,stock_tail3_match:994,,2026-05-01T10:38:40,2000994,2000994,1313,24,"[""https://carsales.pxcrush.net/carsales/car/dealer/3clj9u1o2yjcbb634vz0aojn2.jpg?pxc_format=jpeg&pxc_size=1200%2C630""]",1,6ZZY0ZZW300011412,Check with seller,Convertible,Petrol,Manual,994,ZZW30-0011412,95.0,stock_tail3_match:994,identified,1,price,"Price mismatch: Carsales $20,900 vs Carbarn $19,900"
2019 Toyota Hiace DX LWB Auto,"$36,900",36900,"13,000km",13000,https://www.carsales.com.au/cars/details/2019-toyota-hiace-dx-lwb-auto/OAG-AD-25628782/,OAG-AD-25628782,OAG-AD-25628782,2019,TOYOTA,Hiace,,2026-05-01T10:38:40,,https://carsales.pxcrush.net/carsales/car/dealer/48h2q4y2t5m09pzhk8vygb5sd.jpg?pxc_format=jpeg&pxc_size=1200%2C630,2019 Toyota Hiace DX LWB Auto,stock_tail4_match:1007,,2026-05-01T10:38:40,20191007,20191007,1254,26,"[""https://carsales.pxcrush.net/carsales/car/dealer/48h2q4y2t5m09pzhk8vygb5sd.jpg?pxc_format=jpeg&pxc_size=1200%2C630""]",1,6ZZKTRH2000310024,Check with seller,Van,Petrol,Automatic,1007,TRH200-0310024,100.0,stock_tail4_match:1007,identified,0,,
2020 Honda Vezel Hybrid Z Honda Sensing Auto,"$27,900",27900,"51,676km",51676,https://www.carsales.com.au/cars/details/2020-honda-vezel-hybrid-z-honda-sensing-auto/OAG-AD-25730316/,OAG-AD-25730316,OAG-AD-25730316,2020,HONDA,Vezel,,2026-05-01T10:38:40,,https://carsales.pxcrush.net/carsales/car/dealer/cte9bg4kzzhb4200hpfao3l5q.jpg?pxc_format=jpeg&pxc_size=1200%2C630,2020 Honda Vezel Hybrid Z Honda Sensing Auto,stock_tail4_match:1021,,2026-05-01T10:38:40,20201021,20201021,1153,23,"[""https://carsales.pxcrush.net/carsales/car/dealer/cte9bg4kzzhb4200hpfao3l5q.jpg?pxc_format=jpeg&pxc_size=1200%2C630""]",1,6ZZL000RU31405237,Check with seller,Hatch,Hybrid,Automatic,1021,RU3-1405237,100.0,stock_tail4_match:1021,identified,0,,
2017 Honda Odyssey Hybrid Absolute Auto,"$28,900",28900,"77,158km",77158,https://www.carsales.com.au/cars/details/2017-honda-odyssey-hybrid-absolute-auto/OAG-AD-25705793/,OAG-AD-25705793,OAG-AD-25705793,2017,HONDA,Odyssey,,2026-05-01T10:38:40,,https://carsales.pxcrush.net/carsales/cars/dealer/4qp16hppiirmbh8lsqo5527vl.jpg?pxc_format=jpeg&pxc_size=1200%2C630,2017 Honda Odyssey Hybrid Absolute Auto,stock_tail4_match:1054,,2026-05-01T10:38:40,20171054,20171054,1279,22,"[""https://carsales.pxcrush.net/carsales/cars/dealer/4qp16hppiirmbh8lsqo5527vl.jpg?pxc_format=jpeg&pxc_size=1200%2C630""]",1,6ZZH000RC41027907,Check with seller,People Mover,Hybrid,Automatic,1054,RC4-1027907,100.0,stock_tail4_match:1054,identified,0,,
2019 Honda Vezel Hybrid Z Honda Sensing Auto 4WD,"$28,900",28900,"16,396km",16396,https://www.carsales.com.au/cars/details/2019-honda-vezel-hybrid-z-honda-sensing-auto-4wd/OAG-AD-25754119/,OAG-AD-25754119,OAG-AD-25754119,2019,HONDA,Vezel,,2026-05-01T10:38:40,,https://carsales.pxcrush.net/carsales/car/dealer/5c01a5a428919ec2da7f8a2374a1232f.jpg?pxc_format=jpeg&pxc_size=1200%2C630,2019 Honda Vezel Hybrid Z Honda Sensing Auto 4WD,stock_tail4_match:1057,,2026-05-01T10:38:40,20191057,20191057,1304,22,"[""https://carsales.pxcrush.net/carsales/car/dealer/5c01a5a428919ec2da7f8a2374a1232f.jpg?pxc_format=jpeg&pxc_size=1200%2C630""]",1,6ZZK000RU31360659,Check with seller,SUV,Hybrid,Automatic,1057,RU3-1360659,100.0,stock_tail4_match:1057,identified,0,,
2017 Honda Odyssey Hybrid Absolute Auto,"$24,900",24900,"112,678km",112678,https://www.carsales.com.au/cars/details/2017-honda-odyssey-hybrid-absolute-auto/OAG-AD-25744494/,OAG-AD-25744494,OAG-AD-25744494,2017,HONDA,Odyssey,,2026-05-01T10:38:40,,https://carsales.pxcrush.net/carsales/car/dealer/2n9p4qerq0wdbz4jemlroudun.jpg?pxc_format=jpeg&pxc_size=1200%2C630,2017 Honda Odyssey Hybrid Absolute Auto,stock_tail4_match:1056,,2026-05-01T10:38:40,20171056,20171056,1287,26,"[""https://carsales.pxcrush.net/carsales/car/dealer/2n9p4qerq0wdbz4jemlroudun.jpg?pxc_format=jpeg&pxc_size=1200%2C630""]",1,6ZZH000RC41023465,Check with seller,People Mover,Hybrid,Automatic,1056,RC4-1023465,100.0,stock_tail4_match:1056,identified,0,,
2017 Honda Odyssey Hybrid Absolute Auto,"$28,900",28900,"69,040km",69040,https://www.carsales.com.au/cars/details/2017-honda-odyssey-hybrid-absolute-auto/OAG-AD-25744498/,OAG-AD-25744498,OAG-AD-25744498,2017,HONDA,Odyssey,,2026-05-01T10:38:40,,https://carsales.pxcrush.net/carsales/car/dealer/btil99wxs3u6bcfm2wtafa2tq.jpg?pxc_format=jpeg&pxc_size=1200%2C630,2017 Honda Odyssey Hybrid Absolute Auto,stock_tail4_match:1043,,2026-05-01T10:38:40,20171043,20171043,1219,23,"[""https://carsales.pxcrush.net/carsales/car/dealer/btil99wxs3u6bcfm2wtafa2tq.jpg?pxc_format=jpeg&pxc_size=1200%2C630""]",1,6ZZH000RC41029909,Check with seller,People Mover,Hybrid,Automatic,1043,RC4-1029909,100.0,stock_tail4_match:1043,identified,0,,
2017 Mercedes-Benz E-Class E43 AMG Auto 4MATIC,"$52,900",52900,"59,222km",59222,https://www.carsales.com.au/cars/details/2017-mercedes-benz-e-class-e43-amg-auto-4matic/OAG-AD-25653306/,OAG-AD-25653306,OAG-AD-25653306,2017,MERCEDES-BENZ,E-Class,,2026-05-01T10:38:40,,https://carsales.pxcrush.net/carsales/cars/dealer/3blqygm1ex38rjidjzuo0bz2g.jpg?pxc_format=jpeg&pxc_size=1200%2C630,2017 Mercedes-Benz E-Class E43 AMG Auto 4MATIC,stock_tail4_match:1039,,2026-05-01T10:38:40,20171039,20171039,1202,33,"[""https://carsales.pxcrush.net/carsales/cars/dealer/3blqygm1ex38rjidjzuo0bz2g.jpg?pxc_format=jpeg&pxc_size=1200%2C630""]",1,WDD2132642A333293,Check with seller,Wagon,Petrol,Automatic,1039,WDD2132642A333293,100.0,stock_tail4_match:1039,identified,1,odometer,"Odometer mismatch: Carsales 59,222km vs Carbarn 59,230km"
2016 Mercedes-Benz E-Class E400 Auto 4MATIC,"$34,900",34900,"60,000km",60000,https://www.carsales.com.au/cars/details/2016-mercedes-benz-e-class-e400-auto-4matic/OAG-AD-25780115/,OAG-AD-25780115,OAG-AD-25780115,2016,MERCEDES-BENZ,E-Class,,2026-05-01T10:38:40,,https://carsales.pxcrush.net/carsales/car/dealer/1ici3de71znpxasvjuqec71vp.jpg?pxc_format=jpeg&pxc_size=1200%2C630,2016 Mercedes-Benz E-Class E400 Auto 4MATIC,stock_tail4_match:1076,,2026-05-01T10:38:40,20161076,20161076,1336,6,"[""https://carsales.pxcrush.net/carsales/car/dealer/1ici3de71znpxasvjuqec71vp.jpg?pxc_format=jpeg&pxc_size=1200%2C630""]",1,WDD2132712A176208,Check with seller,Wagon,Petrol,Automatic,1076,WDD2132712A176208,100.0,stock_tail4_match:1076,identified,0,,
1995 Mitsubishi GTO Auto 4WD,"$33,900",33900,"18,052km",18052,https://www.carsales.com.au/cars/details/1995-mitsubishi-gto-auto-4wd/OAG-AD-25521014/,OAG-AD-25521014,OAG-AD-25521014,1995,MITSUBISHI,GTO,,2026-05-01T10:38:40,,https://carsales.pxcrush.net/carsales/car/dealer/c2ai4nksf5y7w8dcs7ogw324b.jpg?pxc_format=jpeg&pxc_size=1200%2C630,1995 Mitsubishi GTO Auto 4WD,stock_tail4_match:1018,,2026-05-01T10:38:40,19951018,19951018,1190,23,"[""https://carsales.pxcrush.net/carsales/car/dealer/c2ai4nksf5y7w8dcs7ogw324b.jpg?pxc_format=jpeg&pxc_size=1200%2C630""]",1,6ZZS00Z16A0100673,Check with seller,Coupe,Petrol,Automatic,1018,Z16A-0100673,100.0,stock_tail4_match:1018,identified,0,,
1997 Mitsubishi Delica Spacegear Exceed PE8W Auto 4x4,"$17,400",17400,"171,718km",171718,https://www.carsales.com.au/cars/details/1997-mitsubishi-delica-spacegear-exceed-pe8w-auto-4x4/OAG-AD-25649682/,OAG-AD-25649682,OAG-AD-25649682,1997,MITSUBISHI,Delica,,2026-05-01T10:38:40,,https://carsales.pxcrush.net/carsales/car/dealer/5l8cb5ujue1ridzf20euamfqn.jpg?pxc_format=jpeg&pxc_size=1200%2C630,1997 Mitsubishi Delica Spacegear Exceed PE8W Auto 4x4,stock_tail4_match:1032,,2026-05-01T10:38:40,19971032,19971032,1332,20,"[""https://carsales.pxcrush.net/carsales/car/dealer/5l8cb5ujue1ridzf20euamfqn.jpg?pxc_format=jpeg&pxc_size=1200%2C630""]",1,6ZZV00PE8W0213867,Check with seller,People Mover,Diesel,Automatic,1032,PE8W-0213867,100.0,stock_tail4_match:1032,identified,0,,
2023 Nissan Aura G FE13 Auto,"$31,900",31900,"24,830km",24830,https://www.carsales.com.au/cars/details/2023-nissan-aura-g-fe13-auto/OAG-AD-25705491/,OAG-AD-25705491,OAG-AD-25705491,2023,NISSAN,AURA,,2026-05-01T10:38:40,,https://carsales.pxcrush.net/carsales/car/dealer/jacc50w49yedvwcl446o18y3.jpg?pxc_format=jpeg&pxc_size=1200%2C630,2023 Nissan Aura G FE13 Auto,stock_tail4_match:1028,,2026-05-01T10:38:40,20231028,20231028,1229,25,"[""https://carsales.pxcrush.net/carsales/car/dealer/jacc50w49yedvwcl446o18y3.jpg?pxc_format=jpeg&pxc_size=1200%2C630""]",1,6ZZP000FE13370242,Check with seller,Hatch,Hybrid,Automatic,1028,FE13-370242,100.0,stock_tail4_match:1028,identified,0,,
2023 Nissan Aura G FE13 Auto,"$31,400",31400,"6,241km",6241,https://www.carsales.com.au/cars/details/2023-nissan-aura-g-fe13-auto/OAG-AD-25649687/,OAG-AD-25649687,OAG-AD-25649687,2023,NISSAN,AURA,,2026-05-01T10:38:40,,https://carsales.pxcrush.net/carsales/cars/dealer/60140c49vxqz9bni7iyx9u4tx.jpg?pxc_format=jpeg&pxc_size=1200%2C630,2023 Nissan Aura G FE13 Auto,stock_tail4_match:1027,,2026-05-01T10:38:40,20231027,20231027,1267,23,"[""https://carsales.pxcrush.net/carsales/cars/dealer/60140c49vxqz9bni7iyx9u4tx.jpg?pxc_format=jpeg&pxc_size=1200%2C630""]",1,6ZZP000FE13303732,Check with seller,Hatch,Hybrid,Automatic,1027,FE13-303732,100.0,stock_tail4_match:1027,identified,1,odometer,"Odometer mismatch: Carsales 6,241km vs Carbarn 6,268km"
2022 Nissan Serena X C27 Auto,"$27,900",27900,"51,829km",51829,https://www.carsales.com.au/cars/details/2022-nissan-serena-x-c27-auto/OAG-AD-25705790/,OAG-AD-25705790,OAG-AD-25705790,2022,NISSAN,Serena,,2026-05-01T10:38:40,,https://carsales.pxcrush.net/carsales/cars/dealer/dzgpopgq7dtoyunalx8x5ggbn.jpg?pxc_format=jpeg&pxc_size=1200%2C630,2022 Nissan Serena X C27 Auto,stock_tail4_match:1059,,2026-05-01T10:38:40,20221059,20221059,1284,23,"[""https://carsales.pxcrush.net/carsales/cars/dealer/dzgpopgq7dtoyunalx8x5ggbn.jpg?pxc_format=jpeg&pxc_size=1200%2C630""]",1,6ZZN000GC27073541,Check with seller,Wagon,Petrol,Automatic,1059,GC27-073541,100.0,stock_tail4_match:1059,identified,0,,
2021 Nissan Serena Highway Star S-Hybrid C27 Auto,"$31,900",31900,"26,000km",26000,https://www.carsales.com.au/cars/details/2021-nissan-serena-highway-star-s-hybrid-c27-auto/OAG-AD-25780113/,OAG-AD-25780113,OAG-AD-25780113,2021,NISSAN,Serena,,2026-05-01T10:38:40,,https://carsales.pxcrush.net/carsales/car/dealer/6fmivi8khwwbnsx6hfbwqmn9g.jpg?pxc_format=jpeg&pxc_size=1200%2C630,2021 Nissan Serena Highway Star S-Hybrid C27 Auto,stock_tail4_match:1072,,2026-05-01T10:38:40,20211072,20211072,1335,6,"[""https://carsales.pxcrush.net/carsales/car/dealer/6fmivi8khwwbnsx6hfbwqmn9g.jpg?pxc_format=jpeg&pxc_size=1200%2C630""]",1,6ZZM00GFC27224929,Check with seller,Wagon,Petrol,Automatic,1072,GFC27-224929,100.0,stock_tail4_match:1072,identified,0,,
2009 Subaru Impreza WRX STI A Line GRF Auto AWD,"$22,400",22400,"83,499km",83499,https://www.carsales.com.au/cars/details/2009-subaru-impreza-wrx-sti-a-line-grf-auto-awd/OAG-AD-25705794/,OAG-AD-25705794,OAG-AD-25705794,2009,SUBARU,Impreza,,2026-05-01T10:38:40,,https://carsales.pxcrush.net/carsales/car/dealer/ffceecdb8c0742e192ce7bfd244383a3.jpg?pxc_format=jpeg&pxc_size=1200%2C630,2009 Subaru Impreza WRX STI A Line GRF Auto AWD,stock_tail4_match:1065,,2026-05-01T10:38:40,20091065,20091065,1230,27,"[""https://carsales.pxcrush.net/carsales/car/dealer/ffceecdb8c0742e192ce7bfd244383a3.jpg?pxc_format=jpeg&pxc_size=1200%2C630""]",1,6ZZ90000GRF003705,Check with seller,Hatch,Petrol,Automatic,1065,GRF-003705,100.0,stock_tail4_match:1065,identified,0,,
2009 Subaru Impreza WRX STI A Line GRF Auto AWD,"$21,400",21400,"97,848km",97848,https://www.carsales.com.au/cars/details/2009-subaru-impreza-wrx-sti-a-line-grf-auto-awd/OAG-AD-25744499/,OAG-AD-25744499,OAG-AD-25744499,2009,SUBARU,Impreza,,2026-05-01T10:38:40,,https://carsales.pxcrush.net/carsales/car/dealer/9dtcwew47affeykmbwrtm5yan.jpg?pxc_format=jpeg&pxc_size=1200%2C630,2009 Subaru Impreza WRX STI A Line GRF Auto AWD,stock_tail4_match:1070,,2026-05-01T10:38:40,20091070,20091070,1293,26,"[""https://carsales.pxcrush.net/carsales/car/dealer/9dtcwew47affeykmbwrtm5yan.jpg?pxc_format=jpeg&pxc_size=1200%2C630""]",1,6ZZ90000GRF004024,Check with seller,Hatch,Petrol,Automatic,1070,GRF-004024,100.0,stock_tail4_match:1070,identified,0,,
2024 Suzuki Jimny XC Auto 4x4,"$31,400",31400,472km,472,https://www.carsales.com.au/cars/details/2024-suzuki-jimny-xc-auto-4x4/OAG-AD-25744493/,OAG-AD-25744493,OAG-AD-25744493,2024,SUZUKI,JIMNY,,2026-05-01T10:38:40,,https://carsales.pxcrush.net/carsales/car/dealer/9oxulqdp4879fvwjsupbypkwx.jpg?pxc_format=jpeg&pxc_size=1200%2C630,2024 Suzuki Jimny XC Auto 4x4,stock_tail4_match:1073,,2026-05-01T10:38:40,20241073,20241073,1330,23,"[""https://carsales.pxcrush.net/carsales/car/dealer/9oxulqdp4879fvwjsupbypkwx.jpg?pxc_format=jpeg&pxc_size=1200%2C630""]",1,6ZZR00JB64W327198,Check with seller,SUV,Petrol,Automatic,1073,JB64W-327198,100.0,stock_tail4_match:1073,identified,0,,
2024 Toyota Prius Z Auto 4WD,"$43,900",43900,"6,000km",6000,https://www.carsales.com.au/cars/details/2024-toyota-prius-z-auto-4wd/OAG-AD-25649699/,OAG-AD-25649699,OAG-AD-25649699,2024,TOYOTA,Prius,,2026-05-01T10:38:40,,https://carsales.pxcrush.net/carsales/cars/dealer/cezvxudmd1phmocokpdgcf22l.jpg?pxc_format=jpeg&pxc_size=1200%2C630,2024 Toyota Prius Z Auto 4WD,stock_tail4_match:1029,,2026-05-01T10:38:40,20241029,20241029,1307,25,"[""https://carsales.pxcrush.net/carsales/cars/dealer/cezvxudmd1phmocokpdgcf22l.jpg?pxc_format=jpeg&pxc_size=1200%2C630""]",1,6ZZRMXWH654019630,Check with seller,Hatch,Hybrid,Automatic,1029,MXWH65-4019630,100.0,stock_tail4_match:1029,identified,1,odometer,"Odometer mismatch: Carsales 6,000km vs Carbarn 5,881km"
2009 Toyota Hiace DX LWB Auto 4WD,"$26,900",26900,"173,000km",173000,https://www.carsales.com.au/cars/details/2009-toyota-hiace-dx-lwb-auto-4wd/OAG-AD-25744492/,OAG-AD-25744492,OAG-AD-25744492,2009,TOYOTA,Hiace,,2026-05-01T10:38:40,,https://carsales.pxcrush.net/carsales/car/dealer/12vbcb4tmxfun5dn6it0xfdpa.jpg?pxc_format=jpeg&pxc_size=1200%2C630,2009 Toyota Hiace DX LWB Auto 4WD,stock_tail4_match:1009,,2026-05-01T10:38:40,20091009,20091009,1253,6,"[""https://carsales.pxcrush.net/carsales/car/dealer/12vbcb4tmxfun5dn6it0xfdpa.jpg?pxc_format=jpeg&pxc_size=1200%2C630""]",1,6ZZ9KDH2068020379,Check with seller,Van,Diesel,Automatic,1009,KDH206-8020379,100.0,stock_tail4_match:1009,identified,0,,
2022 Toyota Yaris X Hybrid Auto eFour,"$24,900",24900,"61,270km",61270,https://www.carsales.com.au/cars/details/2022-toyota-yaris-x-hybrid-auto-efour/OAG-AD-25649683/,OAG-AD-25649683,OAG-AD-25649683,2022,TOYOTA,YARIS,,2026-05-01T10:38:40,,https://carsales.pxcrush.net/carsales/car/dealer/7rprz3h8qs3ebfe0d66vapww2.jpg?pxc_format=jpeg&pxc_size=1200%2C630,2022 Toyota Yaris X Hybrid Auto eFour,stock_tail4_match:1042,,2026-05-01T10:38:40,20221042,20221042,1311,27,"[""https://carsales.pxcrush.net/carsales/car/dealer/7rprz3h8qs3ebfe0d66vapww2.jpg?pxc_format=jpeg&pxc_size=1200%2C630""]",1,6ZZNMXPH150018516,Check with seller,Hatch,Hybrid,Automatic,1042,MXPH15-0018516,100.0,stock_tail4_match:1042,identified,0,,
2014 Toyota Alphard 240S Type Gold II Auto,"$22,900",22900,"80,000km",80000,https://www.carsales.com.au/cars/details/2014-toyota-alphard-240s-type-gold-ii-auto/OAG-AD-25709367/,OAG-AD-25709367,OAG-AD-25709367,2014,TOYOTA,Alphard,,2026-05-01T10:38:40,,https://carsales.pxcrush.net/carsales/car/dealer/7zg99zhz31mus6o1n8tnec5ob.jpg?pxc_format=jpeg&pxc_size=1200%2C630,2014 Toyota Alphard 240S Type Gold II Auto,stock_tail4_match:1046,,2026-05-01T10:38:40,20141046,20141046,1321,26,"[""https://carsales.pxcrush.net/carsales/car/dealer/7zg99zhz31mus6o1n8tnec5ob.jpg?pxc_format=jpeg&pxc_size=1200%2C630""]",1,6ZZE0ANH208355680,Check with seller,People Mover,Petrol,Automatic,1046,ANH20-8355680,100.0,stock_tail4_match:1046,identified,0,,
2014 Toyota Alphard Auto,"$21,900",21900,"69,000km",69000,https://www.carsales.com.au/cars/details/2014-toyota-alphard-auto/OAG-AD-25780101/,OAG-AD-25780101,OAG-AD-25780101,2014,TOYOTA,Vellfire,,2026-05-01T10:38:40,,https://carsales.pxcrush.net/carsales/car/dealer/70eqqpd1cllf5djupw2963ude.jpg?pxc_format=jpeg&pxc_size=1200%2C630,2014 Toyota Alphard Auto,stock_tail4_match:1040,,2026-05-01T10:38:40,20141040,20141040,1291,5,"[""https://carsales.pxcrush.net/carsales/car/dealer/70eqqpd1cllf5djupw2963ude.jpg?pxc_format=jpeg&pxc_size=1200%2C630""]",1,6ZZE0ANH208323267,Check with seller,People Mover,Petrol,Automatic,1040,ANH20-8323267,100.0,stock_tail4_match:1040,identified,0,,
2013 Toyota Alphard 240S Type Gold Auto,"$22,900",22900,"67,593km",67593,https://www.carsales.com.au/cars/details/2013-toyota-alphard-240s-type-gold-auto/OAG-AD-25709368/,OAG-AD-25709368,OAG-AD-25709368,2013,TOYOTA,Alphard,,2026-05-01T10:38:40,,https://carsales.pxcrush.net/carsales/car/dealer/awdxan0nba2l7q4h7wun7myja.jpg?pxc_format=jpeg&pxc_size=1200%2C630,2013 Toyota Alphard 240S Type Gold Auto,stock_tail4_match:1045,,2026-05-01T10:38:40,20131045,20131045,1322,22,"[""https://carsales.pxcrush.net/carsales/car/dealer/awdxan0nba2l7q4h7wun7myja.jpg?pxc_format=jpeg&pxc_size=1200%2C630""]",1,6ZZD0ANH208265684,Check with seller,People Mover,Petrol,Automatic,1045,ANH20-8265684,100.0,stock_tail4_match:1045,identified,0,,
2020 Toyota Noah Hybrid SI Auto,"$38,400",38400,"28,000km",28000,https://www.carsales.com.au/cars/details/2020-toyota-noah-hybrid-si-auto/OAG-AD-25709542/,OAG-AD-25709542,OAG-AD-25709542,2020,TOYOTA,Noah,,2026-05-01T10:38:40,,https://carsales.pxcrush.net/carsales/car/dealer/304dx575ndwp7zh4ph1r97s98.jpg?pxc_format=jpeg&pxc_size=1200%2C630,2020 Toyota Noah Hybrid SI Auto,stock_tail4_match:1064,,2026-05-01T10:38:40,20201064,20201064,1326,23,"[""https://carsales.pxcrush.net/carsales/car/dealer/304dx575ndwp7zh4ph1r97s98.jpg?pxc_format=jpeg&pxc_size=1200%2C630""]",1,6ZZL0ZWR800474507,Check with seller,People Mover,Hybrid,Automatic,1064,ZWR80-0474507,100.0,stock_tail4_match:1064,identified,1,odometer,"Odometer mismatch: Carsales 28,000km vs Carbarn 27,955km"
2020 Toyota Noah Hybrid SI Auto,"$29,900",29900,"79,910km",79910,https://www.carsales.com.au/cars/details/2020-toyota-noah-hybrid-si-auto/OAG-AD-25705795/,OAG-AD-25705795,OAG-AD-25705795,2020,TOYOTA,Noah,,2026-05-01T10:38:40,,https://carsales.pxcrush.net/carsales/car/dealer/9yh53cwf7i1tfzwyr9e1rxwko.jpg?pxc_format=jpeg&pxc_size=1200%2C630,2020 Toyota Noah Hybrid SI Auto,stock_tail4_match:1063,,2026-05-01T10:38:40,20201063,20201063,1331,27,"[""https://carsales.pxcrush.net/carsales/car/dealer/9yh53cwf7i1tfzwyr9e1rxwko.jpg?pxc_format=jpeg&pxc_size=1200%2C630""]",1,6ZZL0ZWR800475693,Check with seller,People Mover,Hybrid,Automatic,1063,ZWR80-0475693,100.0,stock_tail4_match:1063,identified,0,,
2024 Toyota Yaris X Hybrid Auto eFour,"$25,900",25900,"38,000km",38000,https://www.carsales.com.au/cars/details/2024-toyota-yaris-x-hybrid-auto-efour/OAG-AD-25780106/,OAG-AD-25780106,OAG-AD-25780106,2024,TOYOTA,YARIS,,2026-05-01T10:38:40,,https://carsales.pxcrush.net/carsales/car/dealer/2lsim34ub2jlbqnml961i524n.jpg?pxc_format=jpeg&pxc_size=1200%2C630,2024 Toyota Yaris X Hybrid Auto eFour,stock_tail4_match:1098,,2026-05-01T10:38:40,20241098,20241098,1133,6,"[""https://carsales.pxcrush.net/carsales/car/dealer/2lsim34ub2jlbqnml961i524n.jpg?pxc_format=jpeg&pxc_size=1200%2C630""]",1,6ZZRMXPH170003909,Check with seller,Hatch,Hybrid,Automatic,1098,MXPH17-0003909,100.0,stock_tail4_match:1098,identified,0,,
2023 Toyota Yaris X Hybrid Auto eFour,"$24,900",24900,"62,000km",62000,https://www.carsales.com.au/cars/details/2023-toyota-yaris-x-hybrid-auto-efour/OAG-AD-25780109/,OAG-AD-25780109,OAG-AD-25780109,2023,TOYOTA,YARIS,,2026-05-01T10:38:40,,https://carsales.pxcrush.net/carsales/car/dealer/8cjvhq6sd9cxaakuz3cgd5oax.jpg?pxc_format=jpeg&pxc_size=1200%2C630,2023 Toyota Yaris X Hybrid Auto eFour,stock_tail4_match:1091,,2026-05-01T10:38:40,20231091,20231091,1346,5,"[""https://carsales.pxcrush.net/carsales/car/dealer/8cjvhq6sd9cxaakuz3cgd5oax.jpg?pxc_format=jpeg&pxc_size=1200%2C630""]",1,6ZZPMXPH150025176,Check with seller,Hatch,Hybrid,Automatic,1091,MXPH15-0025176,100.0,stock_tail4_match:1091,identified,0,,
2022 Toyota Raize Auto,"$27,900",27900,"48,000km",48000,https://www.carsales.com.au/cars/details/2022-toyota-raize-auto/OAG-AD-25709540/,OAG-AD-25709540,OAG-AD-25709540,2022,TOYOTA,Raize,,2026-05-01T10:38:40,,https://carsales.pxcrush.net/carsales/car/dealer/9qy2uxpks0lssni5kkwlegz8o.jpg?pxc_format=jpeg&pxc_size=1200%2C630,2022 Toyota Raize Auto,stock_tail4_match:1069,,2026-05-01T10:38:40,20221069,20221069,1328,24,"[""https://carsales.pxcrush.net/carsales/car/dealer/9qy2uxpks0lssni5kkwlegz8o.jpg?pxc_format=jpeg&pxc_size=1200%2C630""]",1,6ZZN0A202A0044734,Check with seller,Wagon,Hybrid,Automatic,1069,A202A-0044734,100.0,stock_tail4_match:1069,identified,1,odometer,"Odometer mismatch: Carsales 48,000km vs Carbarn 48,749km"
2022 Toyota Raize Auto,"$29,400",29400,"27,782km",27782,https://www.carsales.com.au/cars/details/2022-toyota-raize-auto/OAG-AD-25754029/,OAG-AD-25754029,OAG-AD-25754029,2022,TOYOTA,Raize,,2026-05-01T10:38:40,,https://carsales.pxcrush.net/carsales/car/dealer/910l8w5z13zmtubvtemdg3kqm.jpg?pxc_format=jpeg&pxc_size=1200%2C630,2022 Toyota Raize Auto,stock_tail4_match:1068,,2026-05-01T10:38:40,20221068,20221068,1268,30,"[""https://carsales.pxcrush.net/carsales/car/dealer/910l8w5z13zmtubvtemdg3kqm.jpg?pxc_format=jpeg&pxc_size=1200%2C630""]",1,6ZZN0A202A0047296,Check with seller,Wagon,Hybrid,Automatic,1068,A202A-0047296,100.0,stock_tail4_match:1068,identified,0,,
2024 Toyota Corolla Hybrid G Auto AWD,"$31,900",31900,"14,000km",14000,https://www.carsales.com.au/cars/details/2024-toyota-corolla-hybrid-g-auto-awd/OAG-AD-25780108/,OAG-AD-25780108,OAG-AD-25780108,2024,TOYOTA,Corolla,,2026-05-01T10:38:40,,https://carsales.pxcrush.net/carsales/car/dealer/b82hz7u2g4hs02rva9pwfexu5.jpg?pxc_format=jpeg&pxc_size=1200%2C630,2024 Toyota Corolla Hybrid G Auto AWD,stock_tail4_match:1075,,2026-05-01T10:38:40,20241075,20241075,1347,4,"[""https://carsales.pxcrush.net/carsales/car/dealer/b82hz7u2g4hs02rva9pwfexu5.jpg?pxc_format=jpeg&pxc_size=1200%2C630""]",1,6ZZRZWE2150024058,Check with seller,Sedan,Hybrid,Automatic,1075,ZWE215-0024058,100.0,stock_tail4_match:1075,identified,0,,
